{"gen_imgs": {"_type": "image-file", "sha256": "93ecba93650d86848324f49f7d7ce5107481c8fe308b846ed9374317e8110d5a", "size": 29447, "path": "media/images/gen_imgs_747_93ecba93650d86848324.png", "format": "png", "width": 172, "height": 172, "caption": "epoch=19"}, "_timestamp": 1755422239.8375711, "_runtime": 709.2446131706238, "_step": 747, "train/g_loss": 0.6956344842910767, "train/d_pred_fake_mean": 0.17955049872398376, "train/d_loss": 0.19323977828025818, "train/d_loss_real": 0.3116372227668762, "train/d_loss_fake": 0.07484232634305954, "train/d_pred_real_mean": 0.5133238434791565, "train/d_pred_fake_detached_mean": 0.21833482384681702, "epoch": 19, "trainer/global_step": 34379, "val/g_loss": 0.4752015769481659, "val/d_pred_fake_mean": 0.3319855332374573, "val/d_loss": 0.15728674829006195, "val/d_loss_real": 0.17540058493614197, "val/d_loss_fake": 0.13917288184165955, "val/d_pred_real_mean": 0.6382493376731873, "val/d_pred_fake_detached_mean": 0.3319855332374573, "_wandb": {"runtime": 707}}