{"gen_imgs": {"_type": "image-file", "sha256": "9fe1d5ed9bc192e2a1bfc8c63cc234207643faf66927af3b5e92f2bb0ce0f756", "size": 24644, "path": "media/images/gen_imgs_202_9fe1d5ed9bc192e2a1bf.png", "format": "png", "width": 172, "height": 172, "caption": "epoch=9"}, "_timestamp": 1755421432.9318638, "_runtime": 270.76666474342346, "_step": 202, "train/g_loss": 0.3911234140396118, "train/d_pred_fake_mean": 0.3925606310367584, "train/d_loss": 0.20204293727874756, "train/d_loss_real": 0.1330880969762802, "train/d_loss_fake": 0.2709977924823761, "train/d_pred_real_mean": 0.7125727534294128, "train/d_pred_fake_detached_mean": 0.4871562421321869, "epoch": 9, "trainer/global_step": 8599, "val/g_loss": 0.6632062792778015, "val/d_pred_fake_mean": 0.1958865374326706, "val/d_loss": 0.1905737966299057, "val/d_loss_real": 0.32616835832595825, "val/d_loss_fake": 0.05497917905449867, "val/d_pred_real_mean": 0.4654219150543213, "val/d_pred_fake_detached_mean": 0.1958865374326706, "_wandb": {"runtime": 269}}