{"gen_imgs": {"_type": "image-file", "sha256": "9edac31d69cc6f61b4e01eb9cbeeda5596d7a8f05d76a4b7dceba1912384c87c", "size": 27470, "path": "media/images/gen_imgs_38_9edac31d69cc6f61b4e0.png", "format": "png", "width": 172, "height": 172, "caption": "epoch=0"}, "_timestamp": 1755432155.931891, "_runtime": 44.06303906440735, "_step": 39, "train/g_loss": 0.7017486095428467, "train/d_pred_fake_mean": 0.17172077298164368, "train/d_loss": 0.10721241682767868, "train/d_loss_real": 0.13465605676174164, "train/d_loss_fake": 0.07976877689361572, "train/d_pred_real_mean": 0.7385244965553284, "train/d_pred_fake_detached_mean": 0.2500503957271576, "epoch": 0, "trainer/global_step": 1719, "val/g_loss": 0.7847057580947876, "val/d_pred_fake_mean": 0.12293746322393417, "val/d_loss": 0.07987255603075027, "val/d_loss_real": 0.12916459143161774, "val/d_loss_fake": 0.03058057464659214, "val/d_pred_real_mean": 0.7188608646392822, "val/d_pred_fake_detached_mean": 0.12293746322393417, "test/g_loss": 0.792686402797699, "test/d_pred_fake_mean": 0.11796760559082031, "test/d_loss": 0.07651831954717636, "test/d_loss_real": 0.12441536784172058, "test/d_loss_fake": 0.02862127311527729, "test/d_pred_real_mean": 0.7244619727134705, "test/d_pred_fake_detached_mean": 0.11796760559082031, "_wandb": {"runtime": 43}}