{"gen_imgs": {"_type": "image-file", "sha256": "40693fd33d815570d9b64cab020407d9b3714c681012d4544adbac04f41eb1c3", "size": 19607, "path": "media/images/gen_imgs_748_40693fd33d815570d9b6.png", "format": "png", "width": 172, "height": 172, "caption": "epoch=19"}, "_timestamp": 1755435788.5935204, "_runtime": 3173.372266292572, "_step": 749, "train/g_loss": 0.632443368434906, "train/d_pred_fake_mean": 0.22831229865550995, "train/d_loss": 0.08857984095811844, "train/d_loss_real": 0.09571065753698349, "train/d_loss_fake": 0.08144902437925339, "train/d_pred_real_mean": 0.8223515748977661, "train/d_pred_fake_detached_mean": 0.2070668339729309, "epoch": 19, "trainer/global_step": 34380, "val/g_loss": 0.8005585670471191, "val/d_pred_fake_mean": 0.12706120312213898, "val/d_loss": 0.09643435478210449, "val/d_loss_real": 0.13818775117397308, "val/d_loss_fake": 0.05468098819255829, "val/d_pred_real_mean": 0.7420388460159302, "val/d_pred_fake_detached_mean": 0.12706120312213898, "test/g_loss": 0.798311710357666, "test/d_pred_fake_mean": 0.1286405473947525, "test/d_loss": 0.08470099419355392, "test/d_loss_real": 0.11380905658006668, "test/d_loss_fake": 0.0555928573012352, "test/d_pred_real_mean": 0.7722243070602417, "test/d_pred_fake_detached_mean": 0.1286405473947525, "_wandb": {"runtime": 3175}}