{"gen_imgs": {"_type": "image-file", "sha256": "8a733c7e9f5885450c6716d00d40ee9aaf32a1581276ad2cc6ccf73824f87a47", "size": 27268, "path": "media/images/gen_imgs_0_8a733c7e9f5885450c67.png", "format": "png", "width": 172, "height": 172, "caption": "epoch=0"}, "_timestamp": 1755432002.4310372, "_runtime": 34.093138217926025, "_step": 8, "train/g_loss": 0.4896392822265625, "train/d_pred_fake_mean": 0.3044760823249817, "train/d_loss": 0.10610222816467285, "train/d_loss_real": 0.09679523855447769, "train/d_loss_fake": 0.11540921032428741, "train/d_pred_real_mean": 0.7521657943725586, "train/d_pred_fake_detached_mean": 0.3270455300807953, "epoch": 0, "trainer/global_step": 399, "_wandb": {"runtime": 32}}